SKU,Season,YTD_TY_POS,YTD_LY_POS,YTD_TY_Ship,YTD_LY_Ship,Retail_Inv_TY,Corp_Inv_TY,Current_POS_Forecast,Current_Ship_Forecast,Open_PO_Qty,Planned_Purchase_Qty,Weeks_of_Supply
AL-LED-001,S3 Spring,2616,2275,3309,2736,1319,3703,6892,8249,599,2070,10.4
AL-LED-002,S3 Spring,4058,4116,4879,5407,3739,871,10677,12476,949,1592,13.5
AL-LED-003,S3 Spring,3103,2964,3521,3377,2604,4311,8692,9708,1091,1613,8.7
AL-LED-004,S3 Spring,1672,145,2223,190,3056,2256,4293,4658,2182,1178,4.3
AL-LED-005,S3 Spring,1657,98,1929,131,3445,1546,4432,4678,2557,3417,4.3
AL-LED-006,S3 Spring,2811,71,3035,93,262,1480,7965,9145,1132,1306,4.9
AL-LED-007,S3 Spring,2542,11,3197,13,3688,2991,6557,7730,2056,2297,5.5
AL-LED-008,S3 Spring,1913,104,2319,128,1161,2654,5105,5932,2277,1403,6.0
AL-HAL-001,S3 Spring,3268,3407,3594,3883,318,676,8174,8651,183,767,17.2
AL-HAL-002,S3 Spring,2548,3173,3196,3503,917,946,7229,8005,349,493,18.0
AL-HAL-003,S3 Spring,5689,6090,7062,7234,2931,376,15794,17685,147,1387,18.6
AL-HAL-004,S3 Spring,2323,3336,3127,3802,1937,2348,6662,7297,196,1747,17.8
AL-HAL-005,S3 Spring,7459,9331,9118,12576,1409,479,22315,25634,140,16,18.8
AL-HAL-006,S3 Spring,4843,5867,5156,7227,2234,2644,12976,14072,410,721,14.6
AL-HAL-007,S3 Spring,3986,5592,5088,7159,2988,1420,11458,13583,330,80,15.7
AL-MIN-001,S3 Spring,11017,11213,13988,12076,1408,2976,30726,33071,370,2409,13.0
AL-MIN-002,S3 Spring,4748,5092,5373,5597,3943,4247,13844,15149,1882,1587,12.4
AL-MIN-003,S3 Spring,9674,8711,12346,9736,2970,3555,27678,32402,849,569,12.3
AL-MIN-004,S3 Spring,1980,42,2349,52,2953,2447,5854,6868,860,643,11.4
AL-MIN-005,S3 Spring,10979,11097,14634,12743,2698,2113,30018,34379,1050,1437,11.2
AL-MIN-006,S3 Spring,9478,9678,10057,13053,675,1096,26072,29477,895,2058,9.0
AL-MIN-007,S3 Spring,4762,4506,5771,5525,3176,1565,12383,14218,1807,2204,10.9
AL-SB-001,S3 Spring,1418,1431,1782,1595,2021,2234,3680,3918,1504,1704,10.4
AL-SB-002,S3 Spring,895,855,1046,946,700,4025,2061,2229,1409,2645,13.8
AL-SB-003,S3 Spring,1884,2171,2537,2792,1040,862,5725,6487,1300,1084,12.5
AL-SB-004,S3 Spring,1763,2220,2268,2727,1335,1485,5286,5978,1735,914,6.9
AL-HA-001,S3 Spring,502,405,581,521,2611,2952,1165,1269,359,1924,10.2
AL-HA-002,S3 Spring,674,644,865,775,646,4002,1718,2047,188,2898,10.2
AL-HA-003,S3 Spring,695,681,742,812,1845,3792,1917,2153,1963,2016,6.6
AL-HA-004,S3 Spring,394,41,421,46,2793,4792,1170,1295,1323,2373,8.4
AL-HA-005,S3 Spring,406,22,522,23,2881,4816,1117,1208,1024,1135,9.3
AL-HA-006,S3 Spring,669,558,848,638,1480,2388,1652,1772,1990,2142,6.5
AL-HA-007,S3 Spring,750,658,809,836,3525,1365,1900,2162,1250,2500,8.6
KS-AFR-001,S3 Spring,5889,3940,6587,4378,1910,1461,13850,15261,789,1529,12.4
KS-AFR-002,S3 Spring,3506,221,3884,259,677,1244,9240,10624,1443,1056,5.3
KS-AFR-003,S3 Spring,7451,6272,9046,7069,1637,1246,19779,22422,1518,2431,12.1
KS-BLN-001,S3 Spring,3284,2576,3801,3081,967,876,7680,8517,668,649,10.5
KS-BLN-002,S3 Spring,4771,5326,5220,5959,2659,1857,13343,15275,203,191,21.0
KS-CKW-001,S3 Spring,2297,2251,2715,2483,584,678,6018,6966,354,478,15.1
KS-CKW-002,S3 Spring,3246,3264,3649,3647,773,972,8352,9784,439,690,17.0
OL-PFR-001,S3 Spring,1291,1047,1439,1213,319,308,3498,3956,227,302,12.4
OL-PFR-002,S3 Spring,836,1318,916,1539,500,335,2221,2614,47,65,18.5
OL-PFR-003,S3 Spring,4658,4063,5501,4776,1261,854,11341,13330,500,806,15.1
OL-BBQ-001,S3 Spring,2021,1921,2324,2123,656,547,4723,5461,319,392,12.4
OL-BBQ-002,S3 Spring,3437,3388,3967,3659,851,524,8474,9201,643,784,17.4
OL-BBQ-003,S3 Spring,1528,88,1669,101,197,722,3759,4159,406,582,5.8
OL-SLR-001,S3 Spring,9314,6970,10335,8054,2943,1618,22606,25585,2240,2671,8.9
OL-SLR-002,S3 Spring,6492,482,7319,560,1038,2396,18012,21001,2539,2333,3.7
CA-TNT-001,S3 Spring,2159,2057,2534,2283,496,655,5950,6539,332,503,14.6
CA-TNT-002,S3 Spring,1109,72,1263,82,250,541,2873,3350,312,440,6.5
CA-SLP-001,S3 Spring,3213,3047,3672,3471,797,618,8418,9134,476,767,17.4
CA-SLP-002,S3 Spring,2847,3035,3461,3671,1592,904,6493,7259,111,122,21.9
CA-CLR-001,S3 Spring,1913,1437,2276,1643,500,536,4424,4909,355,561,13.0
CA-CLR-002,S3 Spring,2144,3080,2478,3649,797,854,5503,5987,182,67,22.0
CA-CLR-003,S3 Spring,6075,452,7135,503,878,3278,15751,17930,2314,2659,4.2
HO-SHL-001,S3 Spring,5035,4374,5582,5162,1215,1052,13160,14308,816,1243,11.0
HO-SHL-002,S3 Spring,3932,4300,4795,4688,916,749,9851,10794,743,927,17.5
HO-BIN-001,S3 Spring,11805,10750,13760,13096,3405,1727,30618,33479,1484,2375,16.5
HO-BIN-002,S3 Spring,8208,8028,9500,8976,2482,2199,21628,25316,1395,1349,11.6
HO-CLO-001,S3 Spring,1937,123,2207,138,235,922,4782,5369,566,839,5.4
HO-CLO-002,S3 Spring,6383,5906,7683,7126,1983,1847,16613,19436,963,1471,10.5
FR-DWB-001,S3 Spring,2693,3241,3247,3596,1144,839,6741,7384,239,119,24.2
FR-DWB-002,S3 Spring,1352,1891,1645,2257,772,395,3416,3984,65,93,23.9
FR-YGA-001,S3 Spring,7803,6384,9287,6991,2669,2110,18725,21712,1718,2036,8.3
FR-YGA-002,S3 Spring,5665,4903,6271,5521,2046,1718,15689,17785,1195,1514,8.7
FR-YGA-003,S3 Spring,8911,569,10834,629,2094,3127,21143,24116,2876,3805,3.8
FR-BKE-001,S3 Spring,1558,1629,1808,1817,859,467,4071,4670,102,95,25.4
FR-BKE-002,S3 Spring,489,33,574,37,81,254,1244,1394,154,179,5.7
