policy_id,customer_id,product_id,advisor_id,policy_number,policy_type,status,effective_date,expiry_date,premium_amount,coverage_amount,payment_frequency,last_payment_date,risk_category
POL-00001,CUS-0001,PRD-0010,ADV-0013,ML-530849,Home,Active,2021-02-14,2041-02-09,560.96,1169000.0,Quarterly,2026-01-21,Low
POL-00002,CUS-0002,PRD-0010,ADV-0014,ML-447596,Home,Active,2025-04-21,2035-04-19,99.48,623000.0,Annual,2025-05-10,Medium
POL-00003,CUS-0002,PRD-0001,ADV-0029,ML-615500,Life,Active,2025-04-30,2030-04-29,743.0,1799000.0,Quarterly,2025-09-20,High
POL-00004,CUS-0003,PRD-0004,ADV-0015,ML-734366,Life,Lapsed,2021-07-04,2026-07-03,296.35,1500000.0,Quarterly,2025-08-04,Medium
POL-00005,CUS-0003,PRD-0004,ADV-0002,ML-640299,Life,Lapsed,2024-12-14,2029-12-13,232.2,1657000.0,Annual,2026-02-07,Medium
POL-00006,CUS-0004,PRD-0012,ADV-0007,ML-973390,Travel,Active,2025-09-06,2026-09-06,72.44,80000.0,Annual,2025-10-20,Low
POL-00007,CUS-0005,PRD-0001,ADV-0014,ML-766275,Life,Active,2025-02-12,2035-02-10,116.4,753000.0,Quarterly,2025-10-28,High
POL-00008,CUS-0006,PRD-0004,ADV-0013,ML-460971,Life,Matured,2024-03-05,2044-02-29,431.93,920000.0,Quarterly,2025-09-20,Low
POL-00009,CUS-0006,PRD-0005,ADV-0023,ML-336047,Health,Active,2021-01-05,2023-01-05,149.77,209000.0,Annual,2021-08-19,Medium
POL-00010,CUS-0007,PRD-0007,ADV-0023,ML-281614,Health,Lapsed,2025-10-03,2035-10-01,57.02,396000.0,Monthly,2025-11-05,Medium
POL-00011,CUS-0008,PRD-0005,ADV-0009,ML-328808,Health,Active,2023-06-05,2028-06-03,299.46,362000.0,Quarterly,2025-12-31,Medium
POL-00012,CUS-0009,PRD-0010,ADV-0022,ML-738635,Home,Matured,2024-06-14,2044-06-09,383.93,114000.0,Quarterly,2026-04-07,Low
POL-00013,CUS-0009,PRD-0011,ADV-0023,ML-845635,Home,Active,2021-03-18,2026-03-17,330.5,739000.0,Quarterly,2022-09-03,High
POL-00014,CUS-0010,PRD-0004,ADV-0012,ML-813824,Life,Active,2021-09-06,2031-09-04,452.45,519000.0,Annual,2025-05-20,Low
POL-00015,CUS-0010,PRD-0001,ADV-0012,ML-861842,Life,Active,2025-07-30,2026-07-30,798.18,556000.0,Quarterly,2025-11-04,Medium
POL-00016,CUS-0011,PRD-0011,ADV-0010,ML-202344,Home,Active,2025-05-02,2045-04-27,551.39,1377000.0,Monthly,2025-08-02,Medium
POL-00017,CUS-0011,PRD-0012,ADV-0008,ML-472541,Travel,Matured,2022-11-25,2027-11-24,114.27,60000.0,Annual,2023-05-26,Low
POL-00018,CUS-0012,PRD-0007,ADV-0030,ML-765213,Health,Active,2023-09-19,2033-09-16,180.09,303000.0,Monthly,2023-11-12,Medium
POL-00019,CUS-0012,PRD-0010,ADV-0010,ML-533174,Home,Active,2020-10-18,2030-10-16,325.55,470000.0,Annual,2023-10-08,Low
POL-00020,CUS-0012,PRD-0003,ADV-0030,ML-850432,Life,Matured,2021-07-16,2023-07-16,794.49,718000.0,Quarterly,2022-06-04,Low
POL-00021,CUS-0013,PRD-0006,ADV-0027,ML-266131,Health,Active,2021-12-25,2023-12-25,159.69,53000.0,Monthly,2023-08-07,Medium
POL-00022,CUS-0014,PRD-0002,ADV-0002,ML-659711,Life,Active,2021-06-14,2031-06-12,522.43,1285000.0,Quarterly,2021-06-23,Low
POL-00023,CUS-0014,PRD-0006,ADV-0026,ML-360909,Health,Active,2020-02-27,2021-02-26,362.2,385000.0,Monthly,2021-01-12,Low
POL-00024,CUS-0014,PRD-0006,ADV-0010,ML-404955,Health,Active,2023-07-02,2024-07-01,95.13,207000.0,Monthly,2023-07-25,Medium
POL-00025,CUS-0015,PRD-0009,ADV-0007,ML-272892,Auto,Active,2023-10-15,2028-10-13,273.47,214000.0,Quarterly,2025-11-21,High
POL-00026,CUS-0015,PRD-0013,ADV-0019,ML-277193,Travel,Matured,2024-07-10,2025-07-10,22.49,30000.0,Monthly,2025-05-07,Low
POL-00027,CUS-0016,PRD-0013,ADV-0002,ML-794125,Travel,Lapsed,2020-06-02,2021-06-02,68.78,68000.0,Annual,2021-04-02,Low
POL-00028,CUS-0016,PRD-0001,ADV-0025,ML-260565,Life,Active,2020-07-16,2025-07-15,576.62,863000.0,Annual,2023-03-14,Low
POL-00029,CUS-0016,PRD-0011,ADV-0015,ML-971002,Home,Lapsed,2020-02-08,2040-02-03,236.58,1357000.0,Quarterly,2021-08-22,High
POL-00030,CUS-0017,PRD-0010,ADV-0029,ML-648558,Home,Active,2021-04-27,2023-04-27,227.01,1591000.0,Annual,2022-01-21,High
POL-00031,CUS-0017,PRD-0006,ADV-0008,ML-102871,Health,Active,2024-08-05,2034-08-03,153.37,44000.0,Monthly,2025-07-09,Low
POL-00032,CUS-0018,PRD-0002,ADV-0023,ML-342389,Life,Active,2025-07-16,2026-07-16,187.38,226000.0,Annual,2025-11-24,Medium
POL-00033,CUS-0019,PRD-0005,ADV-0012,ML-546688,Health,Cancelled,2025-03-16,2030-03-15,67.53,411000.0,Quarterly,2026-02-25,Medium
POL-00034,CUS-0019,PRD-0002,ADV-0022,ML-381342,Life,Active,2020-07-06,2025-07-05,86.96,320000.0,Quarterly,2022-12-19,High
POL-00035,CUS-0019,PRD-0002,ADV-0025,ML-991993,Life,Active,2024-03-06,2029-03-05,666.77,407000.0,Quarterly,2025-04-04,Medium
POL-00036,CUS-0019,PRD-0007,ADV-0021,ML-606121,Health,Active,2021-11-14,2022-11-14,89.57,356000.0,Monthly,2022-06-15,High
POL-00037,CUS-0020,PRD-0003,ADV-0017,ML-218423,Life,Cancelled,2024-04-04,2026-04-04,641.0,1242000.0,Annual,2025-08-11,High
POL-00038,CUS-0020,PRD-0008,ADV-0024,ML-454733,Auto,Active,2020-07-07,2040-07-02,125.33,205000.0,Annual,2023-01-10,Medium
POL-00039,CUS-0021,PRD-0010,ADV-0029,ML-966582,Home,Active,2021-01-25,2031-01-23,305.08,1481000.0,Annual,2021-11-25,Medium
POL-00040,CUS-0021,PRD-0010,ADV-0003,ML-887931,Home,Active,2020-08-11,2030-08-09,86.06,1875000.0,Quarterly,2022-06-19,Medium
POL-00041,CUS-0022,PRD-0005,ADV-0016,ML-940183,Health,Active,2020-07-25,2021-07-25,227.43,286000.0,Monthly,2021-03-17,Medium
POL-00042,CUS-0023,PRD-0008,ADV-0015,ML-137572,Auto,Lapsed,2025-01-05,2026-01-05,226.42,295000.0,Monthly,2025-07-30,Medium
POL-00043,CUS-0024,PRD-0002,ADV-0029,ML-156911,Life,Lapsed,2023-06-01,2028-05-30,720.88,1147000.0,Quarterly,2025-06-14,High
POL-00044,CUS-0025,PRD-0006,ADV-0012,ML-472390,Health,Active,2025-04-21,2027-04-21,300.83,198000.0,Monthly,2025-04-22,High
POL-00045,CUS-0025,PRD-0013,ADV-0029,ML-851678,Travel,Active,2023-04-10,2033-04-07,91.2,44000.0,Monthly,2024-01-22,Medium
POL-00046,CUS-0025,PRD-0007,ADV-0029,ML-919378,Health,Active,2021-03-14,2023-03-14,139.0,118000.0,Quarterly,2022-06-25,Low
POL-00047,CUS-0026,PRD-0013,ADV-0024,ML-717942,Travel,Lapsed,2024-08-24,2034-08-22,26.05,67000.0,Monthly,2025-12-05,High
POL-00048,CUS-0026,PRD-0003,ADV-0019,ML-919023,Life,Active,2025-08-05,2045-07-31,83.12,1486000.0,Quarterly,2026-04-09,High
POL-00049,CUS-0027,PRD-0010,ADV-0019,ML-503348,Home,Active,2021-12-12,2041-12-07,459.86,344000.0,Annual,2023-10-02,Medium
POL-00050,CUS-0028,PRD-0012,ADV-0015,ML-731792,Travel,Matured,2022-10-13,2024-10-12,55.57,97000.0,Quarterly,2023-03-03,Medium
POL-00051,CUS-0028,PRD-0012,ADV-0007,ML-310647,Travel,Cancelled,2025-09-29,2045-09-24,58.86,73000.0,Annual,2026-03-09,Low
POL-00052,CUS-0029,PRD-0011,ADV-0025,ML-767814,Home,Lapsed,2023-11-15,2043-11-10,559.02,352000.0,Monthly,2025-05-23,Low
POL-00053,CUS-0029,PRD-0002,ADV-0026,ML-982260,Life,Matured,2023-12-13,2033-12-10,484.84,1186000.0,Annual,2025-11-02,Medium
POL-00054,CUS-0029,PRD-0007,ADV-0009,ML-886626,Health,Active,2020-02-22,2021-02-21,232.96,37000.0,Annual,2020-06-03,Medium
POL-00055,CUS-0030,PRD-0011,ADV-0013,ML-953568,Home,Lapsed,2022-10-23,2042-10-18,156.14,218000.0,Monthly,2022-12-28,Medium
POL-00056,CUS-0030,PRD-0010,ADV-0002,ML-500118,Home,Active,2022-07-07,2027-07-06,466.05,1166000.0,Annual,2026-03-28,Low
POL-00057,CUS-0030,PRD-0013,ADV-0029,ML-336504,Travel,Lapsed,2023-07-04,2043-06-29,145.56,15000.0,Monthly,2025-12-27,High
POL-00058,CUS-0030,PRD-0012,ADV-0016,ML-286044,Travel,Active,2024-02-15,2026-02-14,118.16,59000.0,Annual,2024-12-12,High
POL-00059,CUS-0031,PRD-0003,ADV-0021,ML-987110,Life,Active,2025-10-05,2027-10-05,165.93,129000.0,Quarterly,2025-11-15,Low
POL-00060,CUS-0032,PRD-0012,ADV-0010,ML-614379,Travel,Active,2021-09-26,2041-09-21,25.19,94000.0,Annual,2025-06-12,Medium
POL-00061,CUS-0032,PRD-0009,ADV-0028,ML-629678,Auto,Active,2024-01-06,2044-01-01,129.15,220000.0,Monthly,2024-03-15,Low
POL-00062,CUS-0033,PRD-0007,ADV-0007,ML-889216,Health,Lapsed,2021-01-11,2026-01-10,172.29,445000.0,Quarterly,2022-09-04,Medium
POL-00063,CUS-0033,PRD-0008,ADV-0002,ML-815706,Auto,Active,2020-02-06,2040-02-01,145.89,120000.0,Annual,2022-10-31,High
POL-00064,CUS-0034,PRD-0013,ADV-0028,ML-633447,Travel,Active,2021-04-09,2026-04-08,70.16,59000.0,Annual,2024-02-26,Medium
POL-00065,CUS-0034,PRD-0001,ADV-0020,ML-107686,Life,Active,2023-04-29,2025-04-28,726.76,425000.0,Monthly,2024-10-30,Medium
POL-00066,CUS-0035,PRD-0011,ADV-0029,ML-175623,Home,Active,2022-05-23,2032-05-20,529.77,906000.0,Annual,2026-01-06,Medium
POL-00067,CUS-0036,PRD-0008,ADV-0021,ML-961530,Auto,Active,2023-09-20,2043-09-15,115.15,45000.0,Quarterly,2023-12-01,Low
POL-00068,CUS-0037,PRD-0007,ADV-0001,ML-772580,Health,Active,2025-01-21,2026-01-21,270.58,231000.0,Annual,2025-10-21,Medium
POL-00069,CUS-0038,PRD-0012,ADV-0024,ML-415989,Travel,Matured,2020-07-05,2025-07-04,111.11,17000.0,Monthly,2024-12-02,Medium
POL-00070,CUS-0039,PRD-0008,ADV-0026,ML-509985,Auto,Active,2024-04-11,2026-04-11,258.05,207000.0,Annual,2024-08-28,Medium
POL-00071,CUS-0040,PRD-0005,ADV-0020,ML-682032,Health,Matured,2021-08-13,2026-08-12,154.32,446000.0,Annual,2021-09-04,Low
POL-00072,CUS-0040,PRD-0001,ADV-0026,ML-877446,Life,Active,2020-01-21,2025-01-19,492.36,818000.0,Monthly,2021-03-26,High
POL-00073,CUS-0040,PRD-0006,ADV-0022,ML-975297,Health,Active,2022-05-17,2024-05-16,194.43,332000.0,Monthly,2022-12-29,Low
POL-00074,CUS-0041,PRD-0011,ADV-0010,ML-804313,Home,Matured,2020-08-10,2040-08-05,522.72,1872000.0,Quarterly,2021-06-05,Low
POL-00075,CUS-0042,PRD-0012,ADV-0022,ML-173199,Travel,Lapsed,2025-06-18,2026-06-18,143.7,42000.0,Monthly,2025-11-10,High
POL-00076,CUS-0043,PRD-0008,ADV-0028,ML-431699,Auto,Active,2023-09-06,2043-09-01,346.54,109000.0,Annual,2024-09-13,High
POL-00077,CUS-0043,PRD-0003,ADV-0029,ML-476948,Life,Lapsed,2020-01-20,2030-01-17,305.51,1582000.0,Annual,2023-02-26,Low
POL-00078,CUS-0044,PRD-0008,ADV-0022,ML-185955,Auto,Active,2025-03-10,2027-03-10,278.14,238000.0,Monthly,2026-02-03,High
POL-00079,CUS-0044,PRD-0003,ADV-0023,ML-132709,Life,Active,2022-03-15,2023-03-15,269.53,1778000.0,Monthly,2022-11-29,High
POL-00080,CUS-0044,PRD-0010,ADV-0017,ML-785672,Home,Active,2024-07-17,2044-07-12,479.98,504000.0,Quarterly,2026-01-20,Medium
POL-00081,CUS-0045,PRD-0004,ADV-0024,ML-350484,Life,Active,2023-04-06,2043-04-01,176.39,1027000.0,Quarterly,2023-04-27,High
POL-00082,CUS-0045,PRD-0013,ADV-0030,ML-253300,Travel,Active,2021-11-10,2041-11-05,118.44,23000.0,Annual,2025-07-22,Medium
POL-00083,CUS-0046,PRD-0006,ADV-0024,ML-316818,Health,Active,2020-06-14,2022-06-14,126.59,257000.0,Quarterly,2020-07-27,Medium
POL-00084,CUS-0046,PRD-0013,ADV-0025,ML-646699,Travel,Cancelled,2024-01-19,2029-01-17,70.45,93000.0,Monthly,2024-05-03,Medium
POL-00085,CUS-0047,PRD-0012,ADV-0023,ML-976052,Travel,Active,2022-12-14,2027-12-13,95.22,61000.0,Quarterly,2026-03-31,Low
POL-00086,CUS-0048,PRD-0004,ADV-0019,ML-245718,Life,Active,2025-10-16,2045-10-11,372.21,1644000.0,Quarterly,2025-10-17,Medium
POL-00087,CUS-0049,PRD-0009,ADV-0008,ML-534753,Auto,Active,2023-02-24,2024-02-24,184.61,76000.0,Annual,2024-01-28,High
POL-00088,CUS-0050,PRD-0008,ADV-0002,ML-234097,Auto,Active,2025-05-15,2026-05-15,291.61,187000.0,Quarterly,2025-09-16,Medium
POL-00089,CUS-0050,PRD-0003,ADV-0006,ML-641737,Life,Active,2021-07-05,2023-07-05,533.27,126000.0,Monthly,2022-03-26,High
POL-00090,CUS-0050,PRD-0010,ADV-0022,ML-594312,Home,Cancelled,2020-03-17,2022-03-17,536.82,1483000.0,Monthly,2021-06-19,High
POL-00091,CUS-0051,PRD-0007,ADV-0006,ML-859364,Health,Active,2021-08-07,2041-08-02,328.12,415000.0,Annual,2023-01-30,Medium
POL-00092,CUS-0052,PRD-0010,ADV-0019,ML-817611,Home,Active,2020-10-08,2040-10-03,199.5,832000.0,Monthly,2025-08-03,Medium
POL-00093,CUS-0052,PRD-0003,ADV-0004,ML-197716,Life,Active,2021-01-29,2041-01-24,207.74,1808000.0,Annual,2025-04-18,Medium
POL-00094,CUS-0052,PRD-0003,ADV-0030,ML-145548,Life,Active,2020-01-05,2030-01-02,725.82,1561000.0,Annual,2024-03-01,Medium
POL-00095,CUS-0052,PRD-0007,ADV-0004,ML-546157,Health,Lapsed,2022-07-28,2042-07-23,378.45,254000.0,Quarterly,2025-10-19,Low
POL-00096,CUS-0053,PRD-0004,ADV-0026,ML-927769,Life,Active,2020-12-09,2021-12-09,283.95,1760000.0,Monthly,2021-12-07,Low
POL-00097,CUS-0053,PRD-0009,ADV-0004,ML-262297,Auto,Active,2021-04-27,2031-04-25,307.9,128000.0,Quarterly,2023-05-08,Medium
POL-00098,CUS-0054,PRD-0005,ADV-0020,ML-921861,Health,Matured,2024-09-30,2026-09-30,247.63,316000.0,Quarterly,2025-11-27,Medium
POL-00099,CUS-0054,PRD-0003,ADV-0014,ML-871523,Life,Matured,2024-02-25,2029-02-23,482.55,993000.0,Annual,2026-02-16,Low
POL-00100,CUS-0055,PRD-0002,ADV-0028,ML-454877,Life,Active,2022-07-30,2042-07-25,401.55,1414000.0,Monthly,2024-10-27,High
POL-00101,CUS-0055,PRD-0010,ADV-0022,ML-556526,Home,Active,2020-08-01,2022-08-01,163.58,1933000.0,Monthly,2021-11-26,Low
POL-00102,CUS-0055,PRD-0005,ADV-0019,ML-400384,Health,Lapsed,2022-06-27,2042-06-22,179.79,314000.0,Quarterly,2026-03-01,Medium
POL-00103,CUS-0056,PRD-0013,ADV-0007,ML-135241,Travel,Active,2021-12-18,2041-12-13,103.24,50000.0,Annual,2023-07-26,Medium
POL-00104,CUS-0056,PRD-0009,ADV-0001,ML-265092,Auto,Lapsed,2025-10-13,2027-10-13,379.38,194000.0,Quarterly,2026-03-29,Low
POL-00105,CUS-0057,PRD-0007,ADV-0020,ML-398313,Health,Active,2023-12-17,2024-12-16,284.38,218000.0,Monthly,2024-02-01,Medium
POL-00106,CUS-0058,PRD-0010,ADV-0021,ML-104877,Home,Active,2023-11-26,2033-11-23,260.69,1649000.0,Monthly,2025-01-12,Low
POL-00107,CUS-0058,PRD-0007,ADV-0020,ML-952646,Health,Active,2025-09-04,2045-08-30,87.26,59000.0,Monthly,2025-11-08,Medium
POL-00108,CUS-0059,PRD-0008,ADV-0030,ML-128679,Auto,Lapsed,2024-03-24,2034-03-22,325.27,237000.0,Quarterly,2025-11-14,Medium
POL-00109,CUS-0060,PRD-0007,ADV-0001,ML-834861,Health,Active,2022-06-21,2042-06-16,286.92,134000.0,Quarterly,2025-06-22,High
POL-00110,CUS-0061,PRD-0002,ADV-0013,ML-329183,Life,Active,2024-06-22,2034-06-20,565.06,1651000.0,Monthly,2025-05-09,High
POL-00111,CUS-0062,PRD-0012,ADV-0007,ML-975498,Travel,Lapsed,2022-02-17,2024-02-17,84.87,28000.0,Quarterly,2022-10-09,Low
POL-00112,CUS-0063,PRD-0003,ADV-0027,ML-998723,Life,Matured,2021-03-12,2041-03-07,166.31,203000.0,Quarterly,2021-03-25,Medium
POL-00113,CUS-0063,PRD-0001,ADV-0006,ML-901387,Life,Cancelled,2025-05-29,2030-05-28,347.26,665000.0,Annual,2026-02-04,High
POL-00114,CUS-0064,PRD-0004,ADV-0013,ML-512842,Life,Active,2021-06-09,2022-06-09,118.99,1609000.0,Annual,2022-02-21,High
POL-00115,CUS-0065,PRD-0008,ADV-0021,ML-205641,Auto,Lapsed,2021-05-08,2023-05-08,379.3,152000.0,Monthly,2022-05-31,Low
POL-00116,CUS-0065,PRD-0010,ADV-0006,ML-622998,Home,Active,2022-11-29,2027-11-28,177.32,599000.0,Annual,2024-12-17,Medium
POL-00117,CUS-0065,PRD-0007,ADV-0024,ML-339669,Health,Active,2024-03-04,2026-03-04,177.78,215000.0,Annual,2025-10-14,High
POL-00118,CUS-0066,PRD-0013,ADV-0028,ML-110215,Travel,Active,2022-08-23,2024-08-22,92.19,87000.0,Annual,2023-12-20,Low
POL-00119,CUS-0066,PRD-0008,ADV-0017,ML-414608,Auto,Active,2021-07-04,2026-07-03,498.22,259000.0,Annual,2025-11-28,Low
POL-00120,CUS-0066,PRD-0010,ADV-0016,ML-880762,Home,Active,2020-07-14,2030-07-12,287.17,1412000.0,Quarterly,2021-08-12,Low
POL-00121,CUS-0067,PRD-0009,ADV-0021,ML-703869,Auto,Active,2022-11-21,2042-11-16,237.66,138000.0,Annual,2024-01-02,Medium
POL-00122,CUS-0067,PRD-0009,ADV-0026,ML-568640,Auto,Active,2021-12-15,2031-12-13,491.75,103000.0,Annual,2026-04-19,High
POL-00123,CUS-0068,PRD-0005,ADV-0022,ML-699405,Health,Active,2025-03-14,2035-03-12,271.1,94000.0,Quarterly,2026-01-31,Medium
POL-00124,CUS-0068,PRD-0002,ADV-0023,ML-514664,Life,Active,2020-11-20,2025-11-19,196.64,495000.0,Quarterly,2024-04-12,Low
POL-00125,CUS-0069,PRD-0006,ADV-0024,ML-363871,Health,Active,2025-11-03,2027-11-03,387.93,222000.0,Monthly,2026-01-02,High
POL-00126,CUS-0069,PRD-0012,ADV-0001,ML-908382,Travel,Active,2020-11-23,2040-11-18,47.37,46000.0,Quarterly,2021-03-13,Low
POL-00127,CUS-0070,PRD-0002,ADV-0008,ML-873422,Life,Lapsed,2021-03-01,2026-02-28,268.97,353000.0,Quarterly,2022-06-13,Low
POL-00128,CUS-0070,PRD-0011,ADV-0012,ML-599284,Home,Active,2021-06-01,2026-05-31,148.26,1693000.0,Annual,2026-03-29,Medium
POL-00129,CUS-0070,PRD-0009,ADV-0022,ML-578720,Auto,Matured,2023-01-20,2025-01-19,319.42,62000.0,Annual,2024-09-16,Medium
POL-00130,CUS-0071,PRD-0010,ADV-0028,ML-193904,Home,Active,2024-11-16,2034-11-14,352.2,1315000.0,Quarterly,2025-07-06,Medium
POL-00131,CUS-0071,PRD-0006,ADV-0017,ML-661091,Health,Active,2024-08-15,2029-08-14,140.93,169000.0,Monthly,2025-06-04,Low
POL-00132,CUS-0072,PRD-0013,ADV-0020,ML-491794,Travel,Lapsed,2025-05-08,2027-05-08,58.95,79000.0,Annual,2025-05-11,Low
POL-00133,CUS-0072,PRD-0009,ADV-0009,ML-183057,Auto,Lapsed,2024-11-25,2034-11-23,257.9,70000.0,Quarterly,2025-07-08,Medium
POL-00134,CUS-0072,PRD-0004,ADV-0023,ML-879015,Life,Cancelled,2025-10-17,2030-10-16,630.47,1824000.0,Annual,2025-12-28,Medium
POL-00135,CUS-0072,PRD-0005,ADV-0009,ML-834498,Health,Active,2024-08-18,2034-08-16,115.8,58000.0,Monthly,2025-11-24,Medium
POL-00136,CUS-0073,PRD-0001,ADV-0005,ML-849937,Life,Active,2021-09-15,2026-09-14,115.74,1093000.0,Monthly,2023-03-20,Medium
POL-00137,CUS-0074,PRD-0002,ADV-0025,ML-929868,Life,Active,2021-09-09,2026-09-08,90.6,474000.0,Quarterly,2024-04-15,Low
POL-00138,CUS-0075,PRD-0013,ADV-0029,ML-362227,Travel,Active,2021-08-21,2023-08-21,27.28,80000.0,Quarterly,2022-03-05,High
POL-00139,CUS-0076,PRD-0002,ADV-0026,ML-908447,Life,Active,2022-10-16,2024-10-15,357.05,1951000.0,Monthly,2024-01-30,Low
POL-00140,CUS-0076,PRD-0011,ADV-0026,ML-144235,Home,Active,2022-05-03,2024-05-02,325.87,1395000.0,Quarterly,2024-02-06,Medium
POL-00141,CUS-0076,PRD-0009,ADV-0007,ML-218414,Auto,Active,2025-11-03,2026-11-03,148.86,157000.0,Quarterly,2026-04-22,Low
POL-00142,CUS-0077,PRD-0001,ADV-0021,ML-921533,Life,Active,2021-11-16,2022-11-16,651.96,1190000.0,Monthly,2021-12-07,Medium
POL-00143,CUS-0077,PRD-0012,ADV-0027,ML-755498,Travel,Active,2021-09-26,2041-09-21,68.28,18000.0,Monthly,2023-08-20,Low
POL-00144,CUS-0078,PRD-0003,ADV-0016,ML-868804,Life,Matured,2021-03-15,2026-03-14,170.6,504000.0,Annual,2025-09-19,Low
POL-00145,CUS-0078,PRD-0012,ADV-0010,ML-669097,Travel,Cancelled,2024-03-27,2034-03-25,66.56,22000.0,Quarterly,2025-10-20,Medium
POL-00146,CUS-0079,PRD-0003,ADV-0003,ML-656937,Life,Cancelled,2023-11-25,2043-11-20,313.05,963000.0,Annual,2024-05-07,Low
POL-00147,CUS-0080,PRD-0005,ADV-0022,ML-998450,Health,Active,2024-02-12,2026-02-11,208.93,394000.0,Annual,2024-03-02,Low
POL-00148,CUS-0081,PRD-0006,ADV-0020,ML-261618,Health,Active,2020-09-16,2030-09-14,280.4,281000.0,Annual,2025-01-01,Medium
POL-00149,CUS-0081,PRD-0006,ADV-0006,ML-132792,Health,Active,2024-08-05,2025-08-05,274.32,77000.0,Monthly,2024-10-10,Low
POL-00150,CUS-0082,PRD-0002,ADV-0002,ML-484150,Life,Lapsed,2020-05-10,2040-05-05,491.13,1681000.0,Annual,2023-03-24,Low
POL-00151,CUS-0082,PRD-0012,ADV-0023,ML-163648,Travel,Lapsed,2020-10-17,2030-10-15,21.7,93000.0,Monthly,2025-04-14,Low
POL-00152,CUS-0083,PRD-0007,ADV-0029,ML-418667,Health,Active,2024-02-20,2025-02-19,327.99,53000.0,Annual,2024-03-27,Low
POL-00153,CUS-0083,PRD-0004,ADV-0024,ML-360846,Life,Active,2025-10-28,2027-10-28,149.93,1464000.0,Monthly,2026-03-11,Medium
POL-00154,CUS-0083,PRD-0003,ADV-0004,ML-274912,Life,Active,2024-08-27,2034-08-25,617.2,1544000.0,Annual,2025-11-07,Medium
POL-00155,CUS-0084,PRD-0009,ADV-0012,ML-985893,Auto,Active,2023-10-14,2028-10-12,363.01,172000.0,Quarterly,2025-04-29,Low
POL-00156,CUS-0084,PRD-0013,ADV-0027,ML-676967,Travel,Active,2024-10-29,2026-10-29,127.4,39000.0,Annual,2025-11-17,High
POL-00157,CUS-0085,PRD-0008,ADV-0019,ML-241647,Auto,Active,2025-01-06,2045-01-01,483.93,25000.0,Quarterly,2025-01-14,High
POL-00158,CUS-0086,PRD-0005,ADV-0019,ML-683347,Health,Lapsed,2022-06-27,2027-06-26,125.19,175000.0,Annual,2025-08-03,Medium
POL-00159,CUS-0086,PRD-0010,ADV-0008,ML-344312,Home,Active,2021-09-25,2026-09-24,129.03,975000.0,Quarterly,2024-12-30,Low
POL-00160,CUS-0087,PRD-0010,ADV-0017,ML-965814,Home,Active,2024-06-25,2034-06-23,375.91,513000.0,Quarterly,2024-12-19,High
POL-00161,CUS-0087,PRD-0012,ADV-0027,ML-158639,Travel,Lapsed,2021-01-25,2031-01-23,97.38,37000.0,Annual,2021-07-04,High
POL-00162,CUS-0088,PRD-0007,ADV-0023,ML-915182,Health,Lapsed,2024-09-02,2044-08-28,375.59,82000.0,Annual,2024-09-13,Medium
POL-00163,CUS-0088,PRD-0001,ADV-0005,ML-152973,Life,Active,2023-06-02,2043-05-28,457.56,673000.0,Quarterly,2024-08-27,Medium
POL-00164,CUS-0089,PRD-0008,ADV-0003,ML-598969,Auto,Lapsed,2025-08-29,2027-08-29,136.03,144000.0,Monthly,2025-11-23,Medium
POL-00165,CUS-0089,PRD-0001,ADV-0017,ML-686464,Life,Active,2024-06-23,2026-06-23,269.04,827000.0,Annual,2024-11-08,Low
POL-00166,CUS-0089,PRD-0007,ADV-0027,ML-550956,Health,Active,2022-03-14,2023-03-14,246.41,499000.0,Monthly,2022-07-28,Low
POL-00167,CUS-0089,PRD-0010,ADV-0022,ML-787247,Home,Active,2021-01-01,2025-12-31,138.52,886000.0,Monthly,2022-12-07,Low
POL-00168,CUS-0090,PRD-0006,ADV-0013,ML-263568,Health,Matured,2024-12-16,2026-12-16,268.11,234000.0,Monthly,2025-12-01,Medium
POL-00169,CUS-0090,PRD-0002,ADV-0012,ML-827497,Life,Active,2021-04-05,2026-04-04,612.5,524000.0,Monthly,2021-05-03,High
POL-00170,CUS-0091,PRD-0008,ADV-0020,ML-606489,Auto,Active,2020-04-03,2040-03-29,232.75,229000.0,Annual,2023-02-26,Medium
POL-00171,CUS-0091,PRD-0003,ADV-0010,ML-310445,Life,Active,2020-03-16,2022-03-16,351.16,1817000.0,Quarterly,2020-05-16,Medium
POL-00172,CUS-0092,PRD-0001,ADV-0001,ML-406703,Life,Active,2025-03-19,2030-03-18,551.43,66000.0,Quarterly,2025-05-13,High
POL-00173,CUS-0092,PRD-0011,ADV-0030,ML-726111,Home,Matured,2024-05-02,2029-05-01,200.21,823000.0,Monthly,2025-09-10,Medium
POL-00174,CUS-0093,PRD-0009,ADV-0017,ML-512509,Auto,Active,2025-02-18,2030-02-17,324.28,221000.0,Annual,2025-08-07,Medium
POL-00175,CUS-0094,PRD-0011,ADV-0002,ML-756190,Home,Matured,2023-12-12,2028-12-10,264.8,674000.0,Annual,2026-03-22,Low
POL-00176,CUS-0095,PRD-0001,ADV-0019,ML-810929,Life,Active,2023-02-21,2024-02-21,242.42,716000.0,Monthly,2023-09-04,Medium
POL-00177,CUS-0095,PRD-0011,ADV-0016,ML-668573,Home,Active,2022-07-20,2042-07-15,297.01,1189000.0,Quarterly,2024-05-24,Low
POL-00178,CUS-0096,PRD-0010,ADV-0027,ML-252203,Home,Lapsed,2022-04-08,2024-04-07,528.55,687000.0,Annual,2023-06-22,Medium
POL-00179,CUS-0096,PRD-0010,ADV-0029,ML-252591,Home,Matured,2021-10-09,2023-10-09,245.1,1159000.0,Monthly,2022-08-30,Medium
POL-00180,CUS-0097,PRD-0007,ADV-0027,ML-297062,Health,Cancelled,2024-08-11,2029-08-10,156.17,379000.0,Annual,2025-01-13,Low
POL-00181,CUS-0097,PRD-0003,ADV-0022,ML-343461,Life,Active,2020-04-17,2040-04-12,628.96,1243000.0,Annual,2022-11-18,Low
POL-00182,CUS-0097,PRD-0001,ADV-0023,ML-492124,Life,Active,2024-01-11,2034-01-08,137.22,1571000.0,Annual,2026-01-09,Low
POL-00183,CUS-0098,PRD-0008,ADV-0008,ML-878427,Auto,Active,2021-07-17,2026-07-16,165.51,87000.0,Monthly,2023-11-09,Medium
POL-00184,CUS-0098,PRD-0004,ADV-0012,ML-579770,Life,Matured,2022-04-17,2032-04-14,127.62,1858000.0,Annual,2026-02-23,High
POL-00185,CUS-0099,PRD-0013,ADV-0019,ML-214626,Travel,Lapsed,2020-06-20,2040-06-15,99.03,84000.0,Quarterly,2020-11-24,Medium
POL-00186,CUS-0099,PRD-0001,ADV-0027,ML-761282,Life,Lapsed,2022-10-03,2032-09-30,453.47,821000.0,Annual,2025-08-25,High
POL-00187,CUS-0100,PRD-0008,ADV-0022,ML-157196,Auto,Active,2024-06-18,2034-06-16,453.76,238000.0,Monthly,2025-04-15,Medium
POL-00188,CUS-0101,PRD-0008,ADV-0014,ML-533648,Auto,Active,2025-01-24,2045-01-19,136.18,163000.0,Annual,2025-04-03,Low
POL-00189,CUS-0101,PRD-0001,ADV-0012,ML-825318,Life,Cancelled,2022-01-02,2023-01-02,406.65,1798000.0,Quarterly,2022-05-10,Medium
POL-00190,CUS-0101,PRD-0012,ADV-0019,ML-841635,Travel,Active,2021-11-02,2026-11-01,113.39,21000.0,Quarterly,2022-04-25,Low
POL-00191,CUS-0101,PRD-0013,ADV-0021,ML-791567,Travel,Active,2025-09-26,2027-09-26,99.57,24000.0,Monthly,2025-12-20,High
POL-00192,CUS-0102,PRD-0003,ADV-0023,ML-289473,Life,Active,2022-01-02,2031-12-31,633.79,150000.0,Annual,2023-08-16,Low
POL-00193,CUS-0103,PRD-0004,ADV-0022,ML-617437,Life,Active,2020-01-15,2040-01-10,528.24,544000.0,Quarterly,2020-02-07,Low
POL-00194,CUS-0104,PRD-0008,ADV-0022,ML-759172,Auto,Active,2025-02-01,2045-01-27,264.06,47000.0,Monthly,2025-06-23,Medium
POL-00195,CUS-0104,PRD-0004,ADV-0021,ML-978721,Life,Active,2020-07-19,2021-07-19,213.08,157000.0,Monthly,2021-06-25,Medium
POL-00196,CUS-0105,PRD-0002,ADV-0016,ML-885734,Life,Active,2020-07-19,2040-07-14,158.4,1988000.0,Quarterly,2022-07-15,Medium
POL-00197,CUS-0105,PRD-0001,ADV-0020,ML-168079,Life,Cancelled,2021-01-16,2031-01-14,633.33,680000.0,Monthly,2025-10-09,Low
POL-00198,CUS-0106,PRD-0012,ADV-0004,ML-699121,Travel,Active,2023-01-29,2043-01-24,62.8,47000.0,Monthly,2023-05-28,Medium
POL-00199,CUS-0107,PRD-0002,ADV-0022,ML-988980,Life,Lapsed,2025-06-04,2030-06-03,601.33,1229000.0,Annual,2026-01-08,Low
POL-00200,CUS-0107,PRD-0009,ADV-0028,ML-288646,Auto,Active,2023-12-20,2033-12-17,470.84,194000.0,Annual,2025-05-07,High
POL-00201,CUS-0108,PRD-0005,ADV-0015,ML-534153,Health,Active,2022-03-03,2024-03-02,50.55,36000.0,Monthly,2023-11-23,Low
POL-00202,CUS-0109,PRD-0013,ADV-0019,ML-676710,Travel,Active,2022-05-19,2027-05-18,21.47,28000.0,Monthly,2024-01-23,Low
POL-00203,CUS-0109,PRD-0001,ADV-0007,ML-446569,Life,Lapsed,2021-04-11,2022-04-11,573.8,716000.0,Annual,2021-07-09,High
POL-00204,CUS-0110,PRD-0008,ADV-0012,ML-584935,Auto,Active,2025-04-27,2035-04-25,418.9,203000.0,Annual,2026-01-26,Medium
POL-00205,CUS-0110,PRD-0007,ADV-0007,ML-705445,Health,Lapsed,2020-08-17,2040-08-12,342.29,167000.0,Quarterly,2020-11-01,Medium
POL-00206,CUS-0110,PRD-0013,ADV-0020,ML-983326,Travel,Cancelled,2023-12-19,2033-12-16,28.61,23000.0,Quarterly,2025-09-20,Low
POL-00207,CUS-0110,PRD-0010,ADV-0009,ML-533973,Home,Lapsed,2024-05-14,2029-05-13,177.44,322000.0,Quarterly,2024-06-15,Low
POL-00208,CUS-0111,PRD-0006,ADV-0028,ML-139211,Health,Active,2025-01-25,2026-01-25,340.31,169000.0,Monthly,2025-08-04,Medium
POL-00209,CUS-0111,PRD-0002,ADV-0017,ML-868020,Life,Matured,2024-12-22,2026-12-22,444.32,1608000.0,Monthly,2025-06-14,High
POL-00210,CUS-0111,PRD-0005,ADV-0026,ML-138328,Health,Cancelled,2023-09-02,2025-09-01,100.15,439000.0,Annual,2024-03-30,Medium
POL-00211,CUS-0112,PRD-0009,ADV-0016,ML-148381,Auto,Lapsed,2021-04-19,2022-04-19,101.64,281000.0,Annual,2021-10-06,Low
POL-00212,CUS-0112,PRD-0013,ADV-0007,ML-400487,Travel,Active,2023-07-03,2028-07-01,22.92,78000.0,Monthly,2024-08-16,Low
POL-00213,CUS-0112,PRD-0006,ADV-0020,ML-639031,Health,Active,2024-12-11,2025-12-11,284.89,155000.0,Monthly,2025-10-25,Low
POL-00214,CUS-0113,PRD-0009,ADV-0003,ML-426503,Auto,Cancelled,2023-07-28,2025-07-27,208.42,284000.0,Annual,2024-01-19,Medium
POL-00215,CUS-0113,PRD-0006,ADV-0002,ML-190302,Health,Matured,2024-12-22,2025-12-22,67.75,39000.0,Monthly,2025-07-06,Medium
POL-00216,CUS-0114,PRD-0010,ADV-0027,ML-901561,Home,Cancelled,2024-12-31,2044-12-26,400.48,694000.0,Annual,2025-02-09,Medium
POL-00217,CUS-0115,PRD-0013,ADV-0008,ML-250703,Travel,Active,2025-04-02,2035-03-31,32.64,38000.0,Quarterly,2025-07-29,High
POL-00218,CUS-0116,PRD-0006,ADV-0001,ML-168540,Health,Active,2024-05-24,2034-05-22,114.17,461000.0,Quarterly,2025-10-05,Medium
POL-00219,CUS-0116,PRD-0006,ADV-0019,ML-207932,Health,Lapsed,2025-05-14,2045-05-09,211.43,106000.0,Annual,2025-07-18,Medium
POL-00220,CUS-0117,PRD-0002,ADV-0015,ML-350164,Life,Active,2023-08-27,2033-08-24,480.43,188000.0,Quarterly,2025-04-22,Medium
POL-00221,CUS-0117,PRD-0009,ADV-0028,ML-556501,Auto,Active,2021-10-13,2041-10-08,489.56,131000.0,Annual,2024-03-13,Medium
POL-00222,CUS-0117,PRD-0006,ADV-0004,ML-720928,Health,Lapsed,2022-08-25,2042-08-20,110.58,343000.0,Annual,2025-05-17,Medium
POL-00223,CUS-0118,PRD-0002,ADV-0029,ML-497316,Life,Active,2024-12-28,2044-12-23,206.85,1914000.0,Monthly,2026-01-26,Low
POL-00224,CUS-0118,PRD-0011,ADV-0024,ML-256464,Home,Cancelled,2020-09-08,2021-09-08,127.08,1652000.0,Annual,2020-11-22,Medium
POL-00225,CUS-0119,PRD-0010,ADV-0015,ML-852658,Home,Active,2025-01-05,2030-01-04,181.75,1395000.0,Annual,2026-04-20,High
POL-00226,CUS-0120,PRD-0002,ADV-0020,ML-155708,Life,Cancelled,2020-02-03,2021-02-02,520.27,1045000.0,Quarterly,2020-08-10,Low
POL-00227,CUS-0120,PRD-0009,ADV-0023,ML-433580,Auto,Active,2024-01-11,2044-01-06,143.88,103000.0,Quarterly,2025-02-17,Medium
POL-00228,CUS-0121,PRD-0007,ADV-0005,ML-402483,Health,Active,2022-05-15,2027-05-14,281.87,251000.0,Quarterly,2024-09-15,High
POL-00229,CUS-0121,PRD-0011,ADV-0015,ML-242371,Home,Active,2021-05-29,2031-05-27,149.82,236000.0,Annual,2025-02-04,Low
POL-00230,CUS-0122,PRD-0007,ADV-0019,ML-544726,Health,Matured,2025-02-10,2027-02-10,362.75,355000.0,Annual,2025-09-30,Medium
POL-00231,CUS-0122,PRD-0008,ADV-0025,ML-626100,Auto,Active,2024-04-24,2034-04-22,242.12,76000.0,Annual,2024-12-22,Low
POL-00232,CUS-0123,PRD-0010,ADV-0017,ML-824038,Home,Active,2024-02-12,2025-02-11,97.4,172000.0,Quarterly,2024-12-05,Low
POL-00233,CUS-0123,PRD-0012,ADV-0019,ML-739705,Travel,Lapsed,2025-11-26,2045-11-21,147.87,99000.0,Quarterly,2025-12-16,Low
POL-00234,CUS-0123,PRD-0008,ADV-0020,ML-916344,Auto,Active,2020-11-15,2021-11-15,373.63,173000.0,Annual,2021-05-09,Low
POL-00235,CUS-0123,PRD-0008,ADV-0006,ML-137042,Auto,Active,2025-09-30,2030-09-29,462.42,183000.0,Quarterly,2025-12-13,Medium
POL-00236,CUS-0124,PRD-0005,ADV-0010,ML-608307,Health,Active,2022-12-02,2027-12-01,71.5,250000.0,Monthly,2023-01-26,Low
POL-00237,CUS-0124,PRD-0009,ADV-0009,ML-114892,Auto,Active,2020-11-10,2025-11-09,440.58,101000.0,Quarterly,2025-09-01,Medium
POL-00238,CUS-0125,PRD-0010,ADV-0006,ML-938202,Home,Active,2021-09-11,2023-09-11,422.76,803000.0,Annual,2023-01-20,Medium
POL-00239,CUS-0125,PRD-0001,ADV-0015,ML-907789,Life,Active,2023-11-05,2033-11-02,788.53,1936000.0,Monthly,2025-12-14,Low
POL-00240,CUS-0126,PRD-0012,ADV-0029,ML-221628,Travel,Active,2021-11-16,2026-11-15,47.41,76000.0,Annual,2026-02-10,Low
POL-00241,CUS-0126,PRD-0008,ADV-0024,ML-839883,Auto,Matured,2024-06-21,2026-06-21,290.49,156000.0,Annual,2025-07-14,Low
POL-00242,CUS-0127,PRD-0009,ADV-0004,ML-657101,Auto,Active,2024-11-15,2029-11-14,104.75,280000.0,Annual,2024-12-27,Medium
POL-00243,CUS-0128,PRD-0007,ADV-0016,ML-910707,Health,Active,2023-01-21,2043-01-16,167.24,152000.0,Annual,2025-04-01,Medium
POL-00244,CUS-0128,PRD-0004,ADV-0024,ML-108887,Life,Matured,2022-03-09,2042-03-04,454.37,1372000.0,Quarterly,2022-03-30,High
POL-00245,CUS-0128,PRD-0001,ADV-0007,ML-135695,Life,Active,2024-08-11,2029-08-10,150.34,253000.0,Monthly,2025-04-25,Low
POL-00246,CUS-0128,PRD-0002,ADV-0004,ML-190582,Life,Cancelled,2020-08-20,2021-08-20,755.72,1330000.0,Annual,2021-08-17,High
POL-00247,CUS-0129,PRD-0011,ADV-0016,ML-389809,Home,Active,2022-01-26,2023-01-26,545.92,1422000.0,Quarterly,2022-12-19,Medium
POL-00248,CUS-0130,PRD-0011,ADV-0012,ML-162976,Home,Active,2023-08-17,2033-08-14,213.82,1583000.0,Monthly,2024-09-17,Low
POL-00249,CUS-0130,PRD-0005,ADV-0023,ML-615959,Health,Matured,2021-12-29,2031-12-27,204.2,259000.0,Annual,2022-12-29,Low
POL-00250,CUS-0131,PRD-0007,ADV-0003,ML-173832,Health,Active,2022-06-13,2023-06-13,264.89,75000.0,Quarterly,2022-06-30,Medium
POL-00251,CUS-0131,PRD-0005,ADV-0014,ML-379378,Health,Lapsed,2024-12-31,2025-12-31,56.57,261000.0,Monthly,2025-12-06,Low
POL-00252,CUS-0132,PRD-0007,ADV-0020,ML-336817,Health,Active,2020-01-16,2030-01-13,230.38,471000.0,Quarterly,2020-10-29,Low
POL-00253,CUS-0132,PRD-0012,ADV-0002,ML-762985,Travel,Matured,2025-05-28,2030-05-27,35.76,58000.0,Quarterly,2025-12-19,High
POL-00254,CUS-0133,PRD-0006,ADV-0020,ML-141241,Health,Cancelled,2025-12-29,2027-12-29,348.67,187000.0,Quarterly,2026-01-20,High
POL-00255,CUS-0133,PRD-0011,ADV-0003,ML-763529,Home,Active,2022-02-21,2027-02-20,235.41,841000.0,Annual,2024-11-13,Medium
POL-00256,CUS-0134,PRD-0001,ADV-0023,ML-422679,Life,Active,2022-03-01,2023-03-01,98.26,1993000.0,Quarterly,2022-12-02,Medium
POL-00257,CUS-0135,PRD-0013,ADV-0004,ML-321960,Travel,Active,2025-01-14,2026-01-14,145.65,11000.0,Quarterly,2025-08-09,High
POL-00258,CUS-0135,PRD-0011,ADV-0003,ML-138669,Home,Cancelled,2025-11-12,2045-11-07,318.35,1388000.0,Monthly,2026-01-10,Medium
POL-00259,CUS-0135,PRD-0008,ADV-0006,ML-763393,Auto,Active,2020-03-19,2022-03-19,288.49,277000.0,Annual,2020-04-02,Low
POL-00260,CUS-0135,PRD-0005,ADV-0022,ML-937995,Health,Active,2021-02-02,2022-02-02,209.66,106000.0,Monthly,2021-10-14,Medium
POL-00261,CUS-0136,PRD-0004,ADV-0024,ML-703945,Life,Lapsed,2024-10-11,2029-10-10,322.89,1680000.0,Quarterly,2025-02-11,Medium
POL-00262,CUS-0137,PRD-0013,ADV-0027,ML-535320,Travel,Active,2022-05-23,2027-05-22,119.35,63000.0,Monthly,2023-03-08,Low
POL-00263,CUS-0137,PRD-0006,ADV-0027,ML-265416,Health,Active,2021-11-06,2041-11-01,203.53,465000.0,Monthly,2023-12-16,Low
POL-00264,CUS-0138,PRD-0001,ADV-0025,ML-233056,Life,Lapsed,2020-01-30,2030-01-27,209.18,224000.0,Quarterly,2025-06-01,Low
POL-00265,CUS-0138,PRD-0011,ADV-0006,ML-852037,Home,Matured,2023-01-14,2024-01-14,352.01,883000.0,Annual,2023-11-15,Medium
POL-00266,CUS-0139,PRD-0011,ADV-0022,ML-479481,Home,Active,2023-05-18,2043-05-13,260.88,109000.0,Monthly,2023-11-29,High
POL-00267,CUS-0139,PRD-0009,ADV-0004,ML-935309,Auto,Lapsed,2025-09-09,2026-09-09,187.71,237000.0,Quarterly,2025-10-28,Low
POL-00268,CUS-0139,PRD-0008,ADV-0007,ML-555786,Auto,Active,2025-07-30,2030-07-29,170.53,209000.0,Annual,2025-12-22,Low
POL-00269,CUS-0139,PRD-0010,ADV-0001,ML-608623,Home,Matured,2025-01-30,2027-01-30,102.53,1507000.0,Monthly,2026-03-08,Medium
POL-00270,CUS-0140,PRD-0004,ADV-0027,ML-215482,Life,Active,2024-12-26,2029-12-25,506.75,686000.0,Annual,2025-04-22,Low
POL-00271,CUS-0141,PRD-0012,ADV-0002,ML-557037,Travel,Active,2024-08-16,2044-08-11,133.09,44000.0,Quarterly,2025-12-25,Low
POL-00272,CUS-0142,PRD-0008,ADV-0007,ML-452207,Auto,Lapsed,2021-12-30,2026-12-29,254.93,63000.0,Annual,2023-07-05,Low
POL-00273,CUS-0142,PRD-0012,ADV-0008,ML-409499,Travel,Active,2020-09-01,2022-09-01,56.48,20000.0,Quarterly,2021-08-18,Medium
POL-00274,CUS-0142,PRD-0013,ADV-0030,ML-326956,Travel,Active,2021-11-27,2041-11-22,95.16,60000.0,Quarterly,2024-08-24,Medium
POL-00275,CUS-0142,PRD-0008,ADV-0021,ML-333210,Auto,Cancelled,2023-02-17,2028-02-16,105.8,143000.0,Monthly,2025-07-25,High
POL-00276,CUS-0143,PRD-0003,ADV-0015,ML-656921,Life,Matured,2020-01-21,2040-01-16,380.8,136000.0,Annual,2020-06-06,Low
POL-00277,CUS-0143,PRD-0013,ADV-0005,ML-475815,Travel,Active,2021-02-05,2031-02-03,78.82,32000.0,Monthly,2022-04-27,Low
POL-00278,CUS-0144,PRD-0002,ADV-0016,ML-586288,Life,Lapsed,2020-03-06,2040-03-01,425.44,644000.0,Annual,2020-06-13,Medium
POL-00279,CUS-0144,PRD-0012,ADV-0003,ML-503575,Travel,Active,2024-07-18,2025-07-18,44.04,88000.0,Annual,2025-06-04,High
POL-00280,CUS-0145,PRD-0001,ADV-0028,ML-817923,Life,Matured,2023-04-29,2043-04-24,386.65,576000.0,Annual,2024-06-26,Low
POL-00281,CUS-0145,PRD-0006,ADV-0013,ML-587957,Health,Active,2020-08-12,2021-08-12,230.16,457000.0,Monthly,2021-02-24,Medium
POL-00282,CUS-0146,PRD-0003,ADV-0004,ML-780566,Life,Active,2020-10-01,2022-10-01,483.75,1558000.0,Quarterly,2022-04-06,Medium
POL-00283,CUS-0146,PRD-0013,ADV-0015,ML-390607,Travel,Active,2022-05-09,2042-05-04,117.91,78000.0,Quarterly,2026-03-02,Low
POL-00284,CUS-0147,PRD-0008,ADV-0016,ML-751114,Auto,Active,2025-06-14,2045-06-09,300.58,253000.0,Annual,2025-11-10,Low
POL-00285,CUS-0147,PRD-0011,ADV-0003,ML-214677,Home,Active,2020-09-25,2022-09-25,177.94,1780000.0,Quarterly,2021-07-17,Low
POL-00286,CUS-0148,PRD-0003,ADV-0024,ML-667735,Life,Matured,2025-07-25,2030-07-24,188.36,448000.0,Monthly,2026-02-23,High
POL-00287,CUS-0149,PRD-0007,ADV-0019,ML-775987,Health,Active,2024-12-23,2026-12-23,308.2,35000.0,Monthly,2026-02-23,Low
POL-00288,CUS-0149,PRD-0010,ADV-0020,ML-566885,Home,Active,2023-11-05,2043-10-31,421.0,1595000.0,Annual,2026-03-16,Medium
POL-00289,CUS-0150,PRD-0013,ADV-0013,ML-398196,Travel,Active,2023-06-09,2024-06-08,42.33,33000.0,Quarterly,2023-08-23,Medium
POL-00290,CUS-0150,PRD-0003,ADV-0008,ML-222596,Life,Matured,2021-10-20,2023-10-20,592.5,606000.0,Annual,2022-04-03,Low
POL-00291,CUS-0151,PRD-0003,ADV-0013,ML-255130,Life,Active,2024-12-10,2029-12-09,267.49,410000.0,Monthly,2026-04-24,Low
POL-00292,CUS-0151,PRD-0009,ADV-0012,ML-263633,Auto,Active,2021-10-27,2023-10-27,313.46,58000.0,Quarterly,2023-02-08,Low
POL-00293,CUS-0152,PRD-0009,ADV-0026,ML-563581,Auto,Cancelled,2023-09-18,2025-09-17,358.9,106000.0,Annual,2025-04-18,Low
POL-00294,CUS-0152,PRD-0002,ADV-0022,ML-981723,Life,Active,2025-05-15,2026-05-15,728.13,322000.0,Quarterly,2025-12-06,Low
POL-00295,CUS-0152,PRD-0006,ADV-0007,ML-123643,Health,Active,2021-01-13,2023-01-13,164.23,314000.0,Annual,2021-10-24,Low
POL-00296,CUS-0153,PRD-0011,ADV-0002,ML-799155,Home,Active,2020-12-23,2040-12-18,587.44,849000.0,Annual,2023-11-05,Low
POL-00297,CUS-0153,PRD-0003,ADV-0030,ML-688285,Life,Active,2024-10-17,2029-10-16,346.13,777000.0,Quarterly,2026-01-16,Low
POL-00298,CUS-0153,PRD-0012,ADV-0015,ML-246347,Travel,Active,2024-12-24,2034-12-22,116.4,47000.0,Monthly,2026-01-01,High
POL-00299,CUS-0154,PRD-0003,ADV-0027,ML-494025,Life,Active,2022-05-01,2023-05-01,298.33,1977000.0,Quarterly,2023-02-27,Low
POL-00300,CUS-0154,PRD-0007,ADV-0029,ML-500314,Health,Lapsed,2023-01-24,2025-01-23,195.08,289000.0,Monthly,2023-08-02,Low
POL-00301,CUS-0155,PRD-0005,ADV-0010,ML-771670,Health,Active,2023-05-29,2025-05-28,222.94,376000.0,Monthly,2024-02-21,High
POL-00302,CUS-0155,PRD-0008,ADV-0004,ML-901865,Auto,Active,2021-05-23,2023-05-23,361.53,270000.0,Quarterly,2021-06-21,Low
POL-00303,CUS-0156,PRD-0002,ADV-0029,ML-225392,Life,Cancelled,2024-01-21,2034-01-18,498.37,1153000.0,Annual,2025-12-31,Low
POL-00304,CUS-0156,PRD-0012,ADV-0013,ML-271241,Travel,Active,2020-03-12,2030-03-10,129.89,25000.0,Quarterly,2021-09-17,Low
POL-00305,CUS-0156,PRD-0006,ADV-0019,ML-303229,Health,Active,2024-09-14,2044-09-09,272.69,479000.0,Quarterly,2024-12-01,Medium
POL-00306,CUS-0156,PRD-0003,ADV-0024,ML-831871,Life,Active,2021-01-22,2026-01-21,511.11,376000.0,Quarterly,2022-07-31,Medium
POL-00307,CUS-0157,PRD-0010,ADV-0012,ML-270948,Home,Active,2023-12-11,2033-12-08,508.12,125000.0,Quarterly,2025-02-04,Low
POL-00308,CUS-0158,PRD-0004,ADV-0020,ML-836378,Life,Lapsed,2022-02-10,2042-02-05,652.48,1139000.0,Annual,2026-02-08,Medium
POL-00309,CUS-0159,PRD-0008,ADV-0013,ML-245766,Auto,Active,2020-11-08,2025-11-07,146.63,61000.0,Quarterly,2024-09-23,High
POL-00310,CUS-0160,PRD-0010,ADV-0005,ML-998435,Home,Lapsed,2025-11-12,2026-11-12,477.07,750000.0,Monthly,2026-01-07,Medium
POL-00311,CUS-0160,PRD-0012,ADV-0001,ML-912323,Travel,Matured,2022-07-17,2023-07-17,59.97,29000.0,Quarterly,2022-08-25,Medium
POL-00312,CUS-0160,PRD-0007,ADV-0004,ML-365302,Health,Lapsed,2020-06-23,2021-06-23,118.72,41000.0,Annual,2021-02-18,Low
POL-00313,CUS-0161,PRD-0001,ADV-0013,ML-130680,Life,Active,2021-01-30,2023-01-30,643.31,1844000.0,Monthly,2022-12-17,Low
POL-00314,CUS-0161,PRD-0012,ADV-0019,ML-697935,Travel,Active,2023-02-10,2043-02-05,143.34,41000.0,Annual,2024-06-19,Low
POL-00315,CUS-0162,PRD-0013,ADV-0026,ML-203479,Travel,Matured,2020-02-27,2040-02-22,88.75,74000.0,Monthly,2020-03-15,High
POL-00316,CUS-0162,PRD-0009,ADV-0014,ML-544692,Auto,Active,2025-04-28,2027-04-28,246.59,187000.0,Monthly,2025-10-26,Low
POL-00317,CUS-0162,PRD-0004,ADV-0017,ML-899301,Life,Active,2024-07-27,2044-07-22,161.25,1970000.0,Monthly,2024-12-13,Low
POL-00318,CUS-0163,PRD-0012,ADV-0024,ML-981946,Travel,Active,2020-06-15,2040-06-10,30.69,54000.0,Quarterly,2023-12-14,Medium
POL-00319,CUS-0164,PRD-0005,ADV-0001,ML-806906,Health,Cancelled,2024-10-18,2029-10-17,116.07,58000.0,Quarterly,2025-04-19,Medium
POL-00320,CUS-0164,PRD-0002,ADV-0025,ML-719244,Life,Active,2024-06-11,2034-06-09,395.4,1334000.0,Monthly,2025-07-26,High
POL-00321,CUS-0165,PRD-0003,ADV-0029,ML-545334,Life,Active,2020-09-22,2021-09-22,341.87,438000.0,Quarterly,2021-01-19,Medium
POL-00322,CUS-0165,PRD-0005,ADV-0017,ML-636256,Health,Matured,2023-01-23,2033-01-20,314.71,405000.0,Quarterly,2025-04-30,Low
POL-00323,CUS-0165,PRD-0013,ADV-0004,ML-873637,Travel,Active,2025-02-05,2027-02-05,34.04,33000.0,Annual,2025-02-20,Low
POL-00324,CUS-0166,PRD-0011,ADV-0022,ML-201013,Home,Lapsed,2020-04-19,2025-04-18,585.48,827000.0,Monthly,2023-10-14,Medium
POL-00325,CUS-0167,PRD-0009,ADV-0020,ML-460307,Auto,Lapsed,2025-07-09,2045-07-04,417.09,81000.0,Quarterly,2025-11-19,High
POL-00326,CUS-0167,PRD-0009,ADV-0012,ML-994303,Auto,Active,2020-03-13,2030-03-11,481.03,34000.0,Monthly,2025-03-30,Low
POL-00327,CUS-0168,PRD-0001,ADV-0015,ML-241021,Life,Active,2021-12-25,2023-12-25,480.8,1728000.0,Annual,2023-05-12,Low
POL-00328,CUS-0168,PRD-0007,ADV-0017,ML-599028,Health,Active,2025-06-19,2045-06-14,317.4,295000.0,Annual,2026-04-07,Medium
POL-00329,CUS-0169,PRD-0001,ADV-0012,ML-164407,Life,Active,2024-05-22,2029-05-21,269.64,1203000.0,Annual,2025-03-09,Low
POL-00330,CUS-0170,PRD-0006,ADV-0004,ML-548945,Health,Lapsed,2023-11-29,2028-11-27,333.34,302000.0,Annual,2024-12-22,Low
POL-00331,CUS-0171,PRD-0006,ADV-0003,ML-419723,Health,Active,2020-08-19,2021-08-19,281.43,143000.0,Annual,2021-08-06,Low
POL-00332,CUS-0171,PRD-0003,ADV-0015,ML-379570,Life,Lapsed,2020-03-21,2040-03-16,467.66,123000.0,Quarterly,2025-12-28,Low
POL-00333,CUS-0172,PRD-0001,ADV-0024,ML-315910,Life,Active,2023-07-20,2024-07-19,351.97,811000.0,Quarterly,2024-07-07,Low
POL-00334,CUS-0172,PRD-0009,ADV-0030,ML-925386,Auto,Matured,2023-10-22,2033-10-19,166.65,107000.0,Monthly,2025-08-02,Low
POL-00335,CUS-0173,PRD-0004,ADV-0025,ML-985194,Life,Active,2023-03-23,2043-03-18,270.91,630000.0,Monthly,2023-09-27,Medium
POL-00336,CUS-0173,PRD-0010,ADV-0028,ML-180385,Home,Active,2023-10-11,2025-10-10,222.15,1176000.0,Quarterly,2024-09-30,Medium
POL-00337,CUS-0173,PRD-0005,ADV-0009,ML-755322,Health,Active,2025-08-29,2035-08-27,331.44,231000.0,Monthly,2025-12-09,Medium
POL-00338,CUS-0174,PRD-0009,ADV-0007,ML-792905,Auto,Active,2022-01-09,2042-01-04,452.36,198000.0,Monthly,2024-10-27,High
POL-00339,CUS-0174,PRD-0012,ADV-0023,ML-162790,Travel,Cancelled,2025-03-29,2045-03-24,54.83,67000.0,Quarterly,2026-04-05,Medium
POL-00340,CUS-0175,PRD-0003,ADV-0030,ML-970542,Life,Active,2022-09-11,2032-09-08,188.34,1386000.0,Quarterly,2024-06-24,High
POL-00341,CUS-0175,PRD-0011,ADV-0022,ML-347600,Home,Active,2022-04-13,2027-04-12,519.9,607000.0,Monthly,2026-02-17,Medium
POL-00342,CUS-0176,PRD-0004,ADV-0023,ML-138801,Life,Active,2020-04-23,2030-04-21,256.82,1663000.0,Annual,2025-01-15,Low
POL-00343,CUS-0177,PRD-0001,ADV-0028,ML-120875,Life,Active,2022-11-24,2023-11-24,648.56,592000.0,Annual,2023-07-30,Low
POL-00344,CUS-0178,PRD-0006,ADV-0029,ML-859414,Health,Active,2023-05-05,2024-05-04,353.51,453000.0,Quarterly,2023-11-24,High
POL-00345,CUS-0178,PRD-0004,ADV-0019,ML-364039,Life,Active,2021-04-03,2041-03-29,491.1,1025000.0,Annual,2025-08-07,Medium
POL-00346,CUS-0178,PRD-0002,ADV-0015,ML-328598,Life,Active,2022-09-02,2032-08-30,511.87,1558000.0,Annual,2023-12-29,Low
POL-00347,CUS-0179,PRD-0005,ADV-0004,ML-431863,Health,Active,2024-12-05,2029-12-04,192.93,435000.0,Annual,2025-11-28,Medium
POL-00348,CUS-0180,PRD-0004,ADV-0001,ML-776748,Life,Active,2023-02-11,2028-02-10,713.19,1877000.0,Annual,2024-11-03,High
POL-00349,CUS-0180,PRD-0010,ADV-0020,ML-503376,Home,Matured,2020-05-22,2022-05-22,517.57,1358000.0,Annual,2021-02-05,Low
POL-00350,CUS-0181,PRD-0006,ADV-0010,ML-194634,Health,Active,2021-05-14,2031-05-12,237.22,137000.0,Monthly,2022-10-19,High
POL-00351,CUS-0181,PRD-0013,ADV-0015,ML-927659,Travel,Active,2022-08-22,2027-08-21,58.66,87000.0,Quarterly,2026-04-02,Low
POL-00352,CUS-0181,PRD-0002,ADV-0029,ML-268132,Life,Cancelled,2025-07-06,2035-07-04,419.19,855000.0,Annual,2025-08-26,Medium
POL-00353,CUS-0181,PRD-0009,ADV-0025,ML-128679,Auto,Cancelled,2020-09-28,2025-09-27,240.74,191000.0,Annual,2023-04-14,Medium
POL-00354,CUS-0182,PRD-0003,ADV-0021,ML-186226,Life,Active,2024-12-21,2029-12-20,649.53,315000.0,Annual,2025-05-30,Low
POL-00355,CUS-0182,PRD-0004,ADV-0015,ML-931145,Life,Active,2025-10-16,2045-10-11,593.77,1547000.0,Monthly,2026-04-09,High
POL-00356,CUS-0183,PRD-0012,ADV-0015,ML-485456,Travel,Cancelled,2021-06-30,2023-06-30,53.89,72000.0,Quarterly,2021-09-24,Low
POL-00357,CUS-0183,PRD-0007,ADV-0016,ML-307897,Health,Active,2022-07-08,2024-07-07,57.26,36000.0,Annual,2022-10-07,Low
POL-00358,CUS-0184,PRD-0001,ADV-0004,ML-114800,Life,Active,2024-06-30,2026-06-30,524.96,1221000.0,Quarterly,2026-01-31,Medium
POL-00359,CUS-0184,PRD-0007,ADV-0029,ML-920114,Health,Active,2025-02-01,2027-02-01,339.54,260000.0,Monthly,2026-04-18,Low
POL-00360,CUS-0184,PRD-0012,ADV-0015,ML-289131,Travel,Active,2025-07-17,2030-07-16,69.67,49000.0,Monthly,2025-10-21,Medium
POL-00361,CUS-0185,PRD-0005,ADV-0001,ML-591658,Health,Active,2022-12-08,2032-12-05,132.42,239000.0,Annual,2023-06-01,Low
POL-00362,CUS-0186,PRD-0012,ADV-0003,ML-199907,Travel,Lapsed,2024-06-16,2044-06-11,109.29,74000.0,Annual,2025-03-05,Medium
POL-00363,CUS-0186,PRD-0001,ADV-0026,ML-949192,Life,Active,2023-09-25,2043-09-20,750.37,968000.0,Annual,2025-09-20,Low
POL-00364,CUS-0187,PRD-0010,ADV-0006,ML-372935,Home,Active,2024-04-09,2025-04-09,237.3,850000.0,Annual,2025-01-31,Low
POL-00365,CUS-0188,PRD-0006,ADV-0012,ML-146307,Health,Active,2025-04-01,2030-03-31,96.17,176000.0,Monthly,2025-05-30,High
POL-00366,CUS-0188,PRD-0008,ADV-0019,ML-428215,Auto,Active,2023-02-24,2043-02-19,399.13,280000.0,Quarterly,2024-08-17,Medium
POL-00367,CUS-0189,PRD-0012,ADV-0007,ML-255840,Travel,Cancelled,2025-07-05,2035-07-03,119.28,24000.0,Annual,2025-08-01,Low
POL-00368,CUS-0190,PRD-0008,ADV-0013,ML-843470,Auto,Active,2022-12-01,2023-12-01,165.42,153000.0,Quarterly,2023-07-15,Medium
POL-00369,CUS-0191,PRD-0002,ADV-0029,ML-386042,Life,Cancelled,2021-08-29,2023-08-29,169.03,232000.0,Monthly,2023-01-31,Medium
POL-00370,CUS-0191,PRD-0011,ADV-0003,ML-358114,Home,Active,2022-05-19,2024-05-18,383.44,1946000.0,Annual,2023-07-19,Medium
POL-00371,CUS-0192,PRD-0006,ADV-0029,ML-439254,Health,Active,2020-04-16,2040-04-11,149.5,491000.0,Quarterly,2021-06-24,Low
POL-00372,CUS-0192,PRD-0002,ADV-0001,ML-445429,Life,Active,2025-02-28,2045-02-23,678.1,1336000.0,Quarterly,2026-01-30,High
POL-00373,CUS-0193,PRD-0008,ADV-0030,ML-151047,Auto,Matured,2023-08-23,2025-08-22,478.97,300000.0,Annual,2024-03-26,High
POL-00374,CUS-0193,PRD-0005,ADV-0014,ML-367558,Health,Active,2023-08-16,2033-08-13,329.35,378000.0,Annual,2023-11-18,Low
POL-00375,CUS-0194,PRD-0007,ADV-0027,ML-785836,Health,Active,2020-12-31,2025-12-30,57.18,124000.0,Quarterly,2024-08-17,Low
POL-00376,CUS-0194,PRD-0005,ADV-0013,ML-797848,Health,Matured,2025-07-03,2045-06-28,330.39,375000.0,Annual,2025-09-08,Low
POL-00377,CUS-0194,PRD-0006,ADV-0015,ML-194604,Health,Active,2025-09-30,2045-09-25,119.95,237000.0,Quarterly,2026-03-02,Medium
POL-00378,CUS-0194,PRD-0013,ADV-0016,ML-809298,Travel,Active,2024-02-17,2044-02-12,99.8,49000.0,Monthly,2025-01-31,Low
POL-00379,CUS-0195,PRD-0003,ADV-0028,ML-600811,Life,Active,2025-07-21,2035-07-19,459.64,1312000.0,Quarterly,2025-08-30,Low
POL-00380,CUS-0195,PRD-0003,ADV-0002,ML-638354,Life,Active,2023-05-15,2043-05-10,685.91,1070000.0,Monthly,2023-10-18,Low
POL-00381,CUS-0196,PRD-0002,ADV-0027,ML-627899,Life,Active,2025-03-18,2045-03-13,555.82,1159000.0,Quarterly,2025-04-28,Low
POL-00382,CUS-0196,PRD-0012,ADV-0010,ML-429196,Travel,Active,2025-03-10,2035-03-08,43.34,26000.0,Monthly,2026-03-05,Medium
POL-00383,CUS-0197,PRD-0011,ADV-0003,ML-883317,Home,Matured,2025-01-16,2027-01-16,404.38,604000.0,Monthly,2025-04-20,High
POL-00384,CUS-0197,PRD-0005,ADV-0017,ML-582515,Health,Active,2021-03-11,2023-03-11,201.83,34000.0,Monthly,2023-01-11,Medium
POL-00385,CUS-0198,PRD-0012,ADV-0003,ML-231165,Travel,Active,2025-06-16,2035-06-14,59.36,83000.0,Annual,2025-11-17,Low
POL-00386,CUS-0198,PRD-0004,ADV-0023,ML-252205,Life,Active,2021-04-03,2023-04-03,667.5,1407000.0,Monthly,2022-08-08,Medium
POL-00387,CUS-0198,PRD-0007,ADV-0006,ML-259826,Health,Active,2022-02-20,2023-02-20,80.13,391000.0,Quarterly,2022-04-20,Medium
POL-00388,CUS-0199,PRD-0008,ADV-0002,ML-450067,Auto,Active,2025-04-15,2045-04-10,107.85,149000.0,Quarterly,2025-11-01,Low
POL-00389,CUS-0199,PRD-0011,ADV-0002,ML-611177,Home,Lapsed,2024-11-03,2044-10-29,589.33,1712000.0,Annual,2025-08-27,Low
POL-00390,CUS-0200,PRD-0012,ADV-0003,ML-380859,Travel,Active,2025-06-21,2030-06-20,50.15,15000.0,Annual,2026-03-31,High
POL-00391,CUS-0200,PRD-0007,ADV-0006,ML-402001,Health,Active,2025-04-22,2035-04-20,90.93,321000.0,Quarterly,2025-05-02,Medium
